Date,Mark/Gold
1918-01-01,1.25
1918-01-02,1.25
1918-01-03,1.25
1918-01-04,1.25
1918-01-05,1.25
1918-01-06,1.25
1918-01-07,1.25
1918-01-08,1.25
1918-01-09,1.25
1918-01-10,1.25
1918-01-11,1.25
1918-01-12,1.25
1918-01-13,1.25
1918-01-14,1.25
1918-01-15,1.25
1918-01-16,1.25
1918-01-17,1.25
1918-01-18,1.25
1918-01-19,1.25
1918-01-20,1.25
1918-01-21,1.25
1918-01-22,1.25
1918-01-23,1.25
1918-01-24,1.25
1918-01-25,1.25
1918-01-26,1.25
1918-01-27,1.25
1918-01-28,1.25
1918-01-29,1.25
1918-01-30,1.25
1918-01-31,1.25
1918-02-01,1.25
1918-02-02,1.25
1918-02-03,1.25
1918-02-04,1.25
1918-02-05,1.25
1918-02-06,1.25
1918-02-07,1.25
1918-02-08,1.25
1918-02-09,1.25
1918-02-10,1.25
1918-02-11,1.25
1918-02-12,1.25
1918-02-13,1.25
1918-02-14,1.25
1918-02-15,1.25
1918-02-16,1.25
1918-02-17,1.25
1918-02-18,1.25
1918-02-19,1.25
1918-02-20,1.25
1918-02-21,1.25
1918-02-22,1.25
1918-02-23,1.25
1918-02-24,1.25
1918-02-25,1.25
1918-02-26,1.25
1918-02-27,1.25
1918-02-28,1.25
1918-03-01,1.25
1918-03-02,1.25
1918-03-03,1.25
1918-03-04,1.25
1918-03-05,1.25
1918-03-06,1.25
1918-03-07,1.25
1918-03-08,1.25
1918-03-09,1.25
1918-03-10,1.25
1918-03-11,1.25
1918-03-12,1.25
1918-03-13,1.25
1918-03-14,1.25
1918-03-15,1.25
1918-03-16,1.25
1918-03-17,1.25
1918-03-18,1.25
1918-03-19,1.25
1918-03-20,1.25
1918-03-21,1.25
1918-03-22,1.25
1918-03-23,1.25
1918-03-24,1.25
1918-03-25,1.25
1918-03-26,1.25
1918-03-27,1.25
1918-03-28,1.25
1918-03-29,1.25
1918-03-30,1.25
1918-03-31,1.25
1918-04-01,1.25
1918-04-02,1.25
1918-04-03,1.25
1918-04-04,1.25
1918-04-05,1.25
1918-04-06,1.25
1918-04-07,1.25
1918-04-08,1.25
1918-04-09,1.25
1918-04-10,1.25
1918-04-11,1.25
1918-04-12,1.25
1918-04-13,1.25
1918-04-14,1.25
1918-04-15,1.25
1918-04-16,1.25
1918-04-17,1.25
1918-04-18,1.25
1918-04-19,1.25
1918-04-20,1.25
1918-04-21,1.25
1918-04-22,1.25
1918-04-23,1.25
1918-04-24,1.25
1918-04-25,1.25
1918-04-26,1.25
1918-04-27,1.25
1918-04-28,1.25
1918-04-29,1.25
1918-04-30,1.25
1918-05-01,1.25
1918-05-02,1.25
1918-05-03,1.25
1918-05-04,1.25
1918-05-05,1.25
1918-05-06,1.25
1918-05-07,1.25
1918-05-08,1.25
1918-05-09,1.25
1918-05-10,1.25
1918-05-11,1.25
1918-05-12,1.25
1918-05-13,1.25
1918-05-14,1.25
1918-05-15,1.25
1918-05-16,1.25
1918-05-17,1.25
1918-05-18,1.25
1918-05-19,1.25
1918-05-20,1.25
1918-05-21,1.25
1918-05-22,1.25
1918-05-23,1.25
1918-05-24,1.25
1918-05-25,1.25
1918-05-26,1.25
1918-05-27,1.25
1918-05-28,1.25
1918-05-29,1.25
1918-05-30,1.25
1918-05-31,1.25
1918-06-01,1.25
1918-06-02,1.25
1918-06-03,1.25
1918-06-04,1.25
1918-06-05,1.25
1918-06-06,1.25
1918-06-07,1.25
1918-06-08,1.25
1918-06-09,1.25
1918-06-10,1.25
1918-06-11,1.25
1918-06-12,1.25
1918-06-13,1.25
1918-06-14,1.25
1918-06-15,1.25
1918-06-16,1.25
1918-06-17,1.25
1918-06-18,1.25
1918-06-19,1.25
1918-06-20,1.25
1918-06-21,1.25
1918-06-22,1.25
1918-06-23,1.25
1918-06-24,1.25
1918-06-25,1.25
1918-06-26,1.25
1918-06-27,1.25
1918-06-28,1.25
1918-06-29,1.25
1918-06-30,1.25
1918-07-01,1.400560224089636
1918-07-02,1.400560224089636
1918-07-03,1.400560224089636
1918-07-04,1.400560224089636
1918-07-05,1.400560224089636
1918-07-06,1.400560224089636
1918-07-07,1.400560224089636
1918-07-08,1.400560224089636
1918-07-09,1.400560224089636
1918-07-10,1.400560224089636
1918-07-11,1.400560224089636
1918-07-12,1.400560224089636
1918-07-13,1.400560224089636
1918-07-14,1.400560224089636
1918-07-15,1.400560224089636
1918-07-16,1.400560224089636
1918-07-17,1.400560224089636
1918-07-18,1.400560224089636
1918-07-19,1.400560224089636
1918-07-20,1.400560224089636
1918-07-21,1.400560224089636
1918-07-22,1.400560224089636
1918-07-23,1.400560224089636
1918-07-24,1.400560224089636
1918-07-25,1.400560224089636
1918-07-26,1.400560224089636
1918-07-27,1.400560224089636
1918-07-28,1.400560224089636
1918-07-29,1.400560224089636
1918-07-30,1.400560224089636
1918-07-31,1.400560224089636
1918-08-01,1.4492753623188406
1918-08-02,1.4492753623188406
1918-08-03,1.4492753623188406
1918-08-04,1.4492753623188406
1918-08-05,1.4492753623188406
1918-08-06,1.4492753623188406
1918-08-07,1.4492753623188406
1918-08-08,1.4492753623188406
1918-08-09,1.4492753623188406
1918-08-10,1.4492753623188406
1918-08-11,1.4492753623188406
1918-08-12,1.4492753623188406
1918-08-13,1.4492753623188406
1918-08-14,1.4492753623188406
1918-08-15,1.4492753623188406
1918-08-16,1.4492753623188406
1918-08-17,1.4492753623188406
1918-08-18,1.4492753623188406
1918-08-19,1.4492753623188406
1918-08-20,1.4492753623188406
1918-08-21,1.4492753623188406
1918-08-22,1.4492753623188406
1918-08-23,1.4492753623188406
1918-08-24,1.4492753623188406
1918-08-25,1.4492753623188406
1918-08-26,1.4492753623188406
1918-08-27,1.4492753623188406
1918-08-28,1.4492753623188406
1918-08-29,1.4492753623188406
1918-08-30,1.4492753623188406
1918-08-31,1.4492753623188406
1918-09-01,1.5503875968992247
1918-09-02,1.5503875968992247
1918-09-03,1.5503875968992247
1918-09-04,1.5503875968992247
1918-09-05,1.5503875968992247
1918-09-06,1.5503875968992247
1918-09-07,1.5503875968992247
1918-09-08,1.5503875968992247
1918-09-09,1.5503875968992247
1918-09-10,1.5503875968992247
1918-09-11,1.5503875968992247
1918-09-12,1.5503875968992247
1918-09-13,1.5503875968992247
1918-09-14,1.5503875968992247
1918-09-15,1.5503875968992247
1918-09-16,1.5503875968992247
1918-09-17,1.5503875968992247
1918-09-18,1.5503875968992247
1918-09-19,1.5503875968992247
1918-09-20,1.5503875968992247
1918-09-21,1.5503875968992247
1918-09-22,1.5503875968992247
1918-09-23,1.5503875968992247
1918-09-24,1.5503875968992247
1918-09-25,1.5503875968992247
1918-09-26,1.5503875968992247
1918-09-27,1.5503875968992247
1918-09-28,1.5503875968992247
1918-09-29,1.5503875968992247
1918-09-30,1.5503875968992247
1918-10-01,1.5503875968992247
1918-10-02,1.5503875968992247
1918-10-03,1.5503875968992247
1918-10-04,1.5503875968992247
1918-10-05,1.5503875968992247
1918-10-06,1.5503875968992247
1918-10-07,1.5503875968992247
1918-10-08,1.5503875968992247
1918-10-09,1.5503875968992247
1918-10-10,1.5503875968992247
1918-10-11,1.5503875968992247
1918-10-12,1.5503875968992247
1918-10-13,1.5503875968992247
1918-10-14,1.5503875968992247
1918-10-15,1.5503875968992247
1918-10-16,1.5503875968992247
1918-10-17,1.5503875968992247
1918-10-18,1.5503875968992247
1918-10-19,1.5503875968992247
1918-10-20,1.5503875968992247
1918-10-21,1.5503875968992247
1918-10-22,1.5503875968992247
1918-10-23,1.5503875968992247
1918-10-24,1.5503875968992247
1918-10-25,1.5503875968992247
1918-10-26,1.5503875968992247
1918-10-27,1.5503875968992247
1918-10-28,1.5503875968992247
1918-10-29,1.5503875968992247
1918-10-30,1.5503875968992247
1918-10-31,1.5503875968992247
1918-11-01,1.7513134851138354
1918-11-02,1.7513134851138354
1918-11-03,1.7513134851138354
1918-11-04,1.7513134851138354
1918-11-05,1.7513134851138354
1918-11-06,1.7513134851138354
1918-11-07,1.7513134851138354
1918-11-08,1.7513134851138354
1918-11-09,1.7513134851138354
1918-11-10,1.7513134851138354
1918-11-11,1.7513134851138354
1918-11-12,1.7513134851138354
1918-11-13,1.7513134851138354
1918-11-14,1.7513134851138354
1918-11-15,1.7513134851138354
1918-11-16,1.7513134851138354
1918-11-17,1.7513134851138354
1918-11-18,1.7513134851138354
1918-11-19,1.7513134851138354
1918-11-20,1.7513134851138354
1918-11-21,1.7513134851138354
1918-11-22,1.7513134851138354
1918-11-23,1.7513134851138354
1918-11-24,1.7513134851138354
1918-11-25,1.7513134851138354
1918-11-26,1.7513134851138354
1918-11-27,1.7513134851138354
1918-11-28,1.7513134851138354
1918-11-29,1.7513134851138354
1918-11-30,1.7513134851138354
1918-12-01,2.0
1918-12-02,2.0
1918-12-03,2.0
1918-12-04,2.0
1918-12-05,2.0
1918-12-06,2.0
1918-12-07,2.0
1918-12-08,2.0
1918-12-09,2.0
1918-12-10,2.0
1918-12-11,2.0
1918-12-12,2.0
1918-12-13,2.0
1918-12-14,2.0
1918-12-15,2.0
1918-12-16,2.0
1918-12-17,2.0
1918-12-18,2.0
1918-12-19,2.0
1918-12-20,2.0
1918-12-21,2.0
1918-12-22,2.0
1918-12-23,2.0
1918-12-24,2.0
1918-12-25,2.0
1918-12-26,2.0
1918-12-27,2.0
1918-12-28,2.0
1918-12-29,2.0
1918-12-30,2.0
1918-12-31,2.0
1919-01-01,1.9493177387914231
1919-01-02,1.9493177387914231
1919-01-03,1.9493177387914231
1919-01-04,1.9493177387914231
1919-01-05,1.9493177387914231
1919-01-06,1.9493177387914231
1919-01-07,1.9493177387914231
1919-01-08,1.9493177387914231
1919-01-09,1.9493177387914231
1919-01-10,1.9493177387914231
1919-01-11,1.9493177387914231
1919-01-12,1.9493177387914231
1919-01-13,1.9493177387914231
1919-01-14,1.9493177387914231
1919-01-15,1.9493177387914231
1919-01-16,1.9493177387914231
1919-01-17,1.9493177387914231
1919-01-18,1.9493177387914231
1919-01-19,1.9493177387914231
1919-01-20,1.9493177387914231
1919-01-21,1.9493177387914231
1919-01-22,1.9493177387914231
1919-01-23,1.9493177387914231
1919-01-24,1.9493177387914231
1919-01-25,1.9493177387914231
1919-01-26,1.9493177387914231
1919-01-27,1.9493177387914231
1919-01-28,1.9493177387914231
1919-01-29,1.9493177387914231
1919-01-30,1.9493177387914231
1919-01-31,1.9493177387914231
1919-02-01,2.150537634408602
1919-02-02,2.150537634408602
1919-02-03,2.150537634408602
1919-02-04,2.150537634408602
1919-02-05,2.150537634408602
1919-02-06,2.150537634408602
1919-02-07,2.150537634408602
1919-02-08,2.150537634408602
1919-02-09,2.150537634408602
1919-02-10,2.150537634408602
1919-02-11,2.150537634408602
1919-02-12,2.150537634408602
1919-02-13,2.150537634408602
1919-02-14,2.150537634408602
1919-02-15,2.150537634408602
1919-02-16,2.150537634408602
1919-02-17,2.150537634408602
1919-02-18,2.150537634408602
1919-02-19,2.150537634408602
1919-02-20,2.150537634408602
1919-02-21,2.150537634408602
1919-02-22,2.150537634408602
1919-02-23,2.150537634408602
1919-02-24,2.150537634408602
1919-02-25,2.150537634408602
1919-02-26,2.150537634408602
1919-02-27,2.150537634408602
1919-02-28,2.150537634408602
1919-03-01,2.5
1919-03-02,2.5
1919-03-03,2.5
1919-03-04,2.5
1919-03-05,2.5
1919-03-06,2.5
1919-03-07,2.5
1919-03-08,2.5
1919-03-09,2.5
1919-03-10,2.5
1919-03-11,2.5
1919-03-12,2.5
1919-03-13,2.5
1919-03-14,2.5
1919-03-15,2.5
1919-03-16,2.5
1919-03-17,2.5
1919-03-18,2.5
1919-03-19,2.5
1919-03-20,2.5
1919-03-21,2.5
1919-03-22,2.5
1919-03-23,2.5
1919-03-24,2.5
1919-03-25,2.5
1919-03-26,2.5
1919-03-27,2.5
1919-03-28,2.5
1919-03-29,2.5
1919-03-30,2.5
1919-03-31,2.5
1919-04-01,2.932551319648094
1919-04-02,2.932551319648094
1919-04-03,2.932551319648094
1919-04-04,2.932551319648094
1919-04-05,2.932551319648094
1919-04-06,2.932551319648094
1919-04-07,2.932551319648094
1919-04-08,2.932551319648094
1919-04-09,2.932551319648094
1919-04-10,2.932551319648094
1919-04-11,2.932551319648094
1919-04-12,2.932551319648094
1919-04-13,2.932551319648094
1919-04-14,2.932551319648094
1919-04-15,2.932551319648094
1919-04-16,2.932551319648094
1919-04-17,2.932551319648094
1919-04-18,2.932551319648094
1919-04-19,2.932551319648094
1919-04-20,2.932551319648094
1919-04-21,2.932551319648094
1919-04-22,2.932551319648094
1919-04-23,2.932551319648094
1919-04-24,2.932551319648094
1919-04-25,2.932551319648094
1919-04-26,2.932551319648094
1919-04-27,2.932551319648094
1919-04-28,2.932551319648094
1919-04-29,2.932551319648094
1919-04-30,2.932551319648094
1919-05-01,3.0120481927710845
1919-05-02,3.0120481927710845
1919-05-03,3.0120481927710845
1919-05-04,3.0120481927710845
1919-05-05,3.0120481927710845
1919-05-06,3.0120481927710845
1919-05-07,3.0120481927710845
1919-05-08,3.0120481927710845
1919-05-09,3.0120481927710845
1919-05-10,3.0120481927710845
1919-05-11,3.0120481927710845
1919-05-12,3.0120481927710845
1919-05-13,3.0120481927710845
1919-05-14,3.0120481927710845
1919-05-15,3.0120481927710845
1919-05-16,3.0120481927710845
1919-05-17,3.0120481927710845
1919-05-18,3.0120481927710845
1919-05-19,3.0120481927710845
1919-05-20,3.0120481927710845
1919-05-21,3.0120481927710845
1919-05-22,3.0120481927710845
1919-05-23,3.0120481927710845
1919-05-24,3.0120481927710845
1919-05-25,3.0120481927710845
1919-05-26,3.0120481927710845
1919-05-27,3.0120481927710845
1919-05-28,3.0120481927710845
1919-05-29,3.0120481927710845
1919-05-30,3.0120481927710845
1919-05-31,3.0120481927710845
1919-06-01,3.2154340836012865
1919-06-02,3.2154340836012865
1919-06-03,3.2154340836012865
1919-06-04,3.2154340836012865
1919-06-05,3.2154340836012865
1919-06-06,3.2154340836012865
1919-06-07,3.2154340836012865
1919-06-08,3.2154340836012865
1919-06-09,3.2154340836012865
1919-06-10,3.2154340836012865
1919-06-11,3.2154340836012865
1919-06-12,3.2154340836012865
1919-06-13,3.2154340836012865
1919-06-14,3.2154340836012865
1919-06-15,3.2154340836012865
1919-06-16,3.2154340836012865
1919-06-17,3.2154340836012865
1919-06-18,3.2154340836012865
1919-06-19,3.2154340836012865
1919-06-20,3.2154340836012865
1919-06-21,3.2154340836012865
1919-06-22,3.2154340836012865
1919-06-23,3.2154340836012865
1919-06-24,3.2154340836012865
1919-06-25,3.2154340836012865
1919-06-26,3.2154340836012865
1919-06-27,3.2154340836012865
1919-06-28,3.2154340836012865
1919-06-29,3.2154340836012865
1919-06-30,3.2154340836012865
1919-07-01,3.4965034965034967
1919-07-02,3.4965034965034967
1919-07-03,3.4965034965034967
1919-07-04,3.4965034965034967
1919-07-05,3.4965034965034967
1919-07-06,3.4965034965034967
1919-07-07,3.4965034965034967
1919-07-08,3.4965034965034967
1919-07-09,3.4965034965034967
1919-07-10,3.4965034965034967
1919-07-11,3.4965034965034967
1919-07-12,3.4965034965034967
1919-07-13,3.4965034965034967
1919-07-14,3.4965034965034967
1919-07-15,3.4965034965034967
1919-07-16,3.4965034965034967
1919-07-17,3.4965034965034967
1919-07-18,3.4965034965034967
1919-07-19,3.4965034965034967
1919-07-20,3.4965034965034967
1919-07-21,3.4965034965034967
1919-07-22,3.4965034965034967
1919-07-23,3.4965034965034967
1919-07-24,3.4965034965034967
1919-07-25,3.4965034965034967
1919-07-26,3.4965034965034967
1919-07-27,3.4965034965034967
1919-07-28,3.4965034965034967
1919-07-29,3.4965034965034967
1919-07-30,3.4965034965034967
1919-07-31,3.4965034965034967
1919-08-01,4.366812227074235
1919-08-02,4.366812227074235
1919-08-03,4.366812227074235
1919-08-04,4.366812227074235
1919-08-05,4.366812227074235
1919-08-06,4.366812227074235
1919-08-07,4.366812227074235
1919-08-08,4.366812227074235
1919-08-09,4.366812227074235
1919-08-10,4.366812227074235
1919-08-11,4.366812227074235
1919-08-12,4.366812227074235
1919-08-13,4.366812227074235
1919-08-14,4.366812227074235
1919-08-15,4.366812227074235
1919-08-16,4.366812227074235
1919-08-17,4.366812227074235
1919-08-18,4.366812227074235
1919-08-19,4.366812227074235
1919-08-20,4.366812227074235
1919-08-21,4.366812227074235
1919-08-22,4.366812227074235
1919-08-23,4.366812227074235
1919-08-24,4.366812227074235
1919-08-25,4.366812227074235
1919-08-26,4.366812227074235
1919-08-27,4.366812227074235
1919-08-28,4.366812227074235
1919-08-29,4.366812227074235
1919-08-30,4.366812227074235
1919-08-31,4.366812227074235
1919-09-01,5.319148936170213
1919-09-02,5.319148936170213
1919-09-03,5.319148936170213
1919-09-04,5.319148936170213
1919-09-05,5.319148936170213
1919-09-06,5.319148936170213
1919-09-07,5.319148936170213
1919-09-08,5.319148936170213
1919-09-09,5.319148936170213
1919-09-10,5.319148936170213
1919-09-11,5.319148936170213
1919-09-12,5.319148936170213
1919-09-13,5.319148936170213
1919-09-14,5.319148936170213
1919-09-15,5.319148936170213
1919-09-16,5.319148936170213
1919-09-17,5.319148936170213
1919-09-18,5.319148936170213
1919-09-19,5.319148936170213
1919-09-20,5.319148936170213
1919-09-21,5.319148936170213
1919-09-22,5.319148936170213
1919-09-23,5.319148936170213
1919-09-24,5.319148936170213
1919-09-25,5.319148936170213
1919-09-26,5.319148936170213
1919-09-27,5.319148936170213
1919-09-28,5.319148936170213
1919-09-29,5.319148936170213
1919-09-30,5.319148936170213
1919-10-01,6.024096385542169
1919-10-02,6.024096385542169
1919-10-03,6.024096385542169
1919-10-04,6.024096385542169
1919-10-05,6.024096385542169
1919-10-06,6.024096385542169
1919-10-07,6.024096385542169
1919-10-08,6.024096385542169
1919-10-09,6.024096385542169
1919-10-10,6.024096385542169
1919-10-11,6.024096385542169
1919-10-12,6.024096385542169
1919-10-13,6.024096385542169
1919-10-14,6.024096385542169
1919-10-15,6.024096385542169
1919-10-16,6.024096385542169
1919-10-17,6.024096385542169
1919-10-18,6.024096385542169
1919-10-19,6.024096385542169
1919-10-20,6.024096385542169
1919-10-21,6.024096385542169
1919-10-22,6.024096385542169
1919-10-23,6.024096385542169
1919-10-24,6.024096385542169
1919-10-25,6.024096385542169
1919-10-26,6.024096385542169
1919-10-27,6.024096385542169
1919-10-28,6.024096385542169
1919-10-29,6.024096385542169
1919-10-30,6.024096385542169
1919-10-31,6.024096385542169
1919-11-01,7.936507936507937
1919-11-02,7.936507936507937
1919-11-03,7.936507936507937
1919-11-04,7.936507936507937
1919-11-05,7.936507936507937
1919-11-06,7.936507936507937
1919-11-07,7.936507936507937
1919-11-08,7.936507936507937
1919-11-09,7.936507936507937
1919-11-10,7.936507936507937
1919-11-11,7.936507936507937
1919-11-12,7.936507936507937
1919-11-13,7.936507936507937
1919-11-14,7.936507936507937
1919-11-15,7.936507936507937
1919-11-16,7.936507936507937
1919-11-17,7.936507936507937
1919-11-18,7.936507936507937
1919-11-19,7.936507936507937
1919-11-20,7.936507936507937
1919-11-21,7.936507936507937
1919-11-22,7.936507936507937
1919-11-23,7.936507936507937
1919-11-24,7.936507936507937
1919-11-25,7.936507936507937
1919-11-26,7.936507936507937
1919-11-27,7.936507936507937
1919-11-28,7.936507936507937
1919-11-29,7.936507936507937
1919-11-30,7.936507936507937
1919-12-01,9.615384615384615
1919-12-02,9.615384615384615
1919-12-03,9.615384615384615
1919-12-04,9.615384615384615
1919-12-05,9.615384615384615
1919-12-06,9.615384615384615
1919-12-07,9.615384615384615
1919-12-08,9.615384615384615
1919-12-09,9.615384615384615
1919-12-10,9.615384615384615
1919-12-11,9.615384615384615
1919-12-12,9.615384615384615
1919-12-13,9.615384615384615
1919-12-14,9.615384615384615
1919-12-15,9.615384615384615
1919-12-16,9.615384615384615
1919-12-17,9.615384615384615
1919-12-18,9.615384615384615
1919-12-19,9.615384615384615
1919-12-20,9.615384615384615
1919-12-21,9.615384615384615
1919-12-22,9.615384615384615
1919-12-23,9.615384615384615
1919-12-24,9.615384615384615
1919-12-25,9.615384615384615
1919-12-26,9.615384615384615
1919-12-27,9.615384615384615
1919-12-28,9.615384615384615
1919-12-29,9.615384615384615
1919-12-30,9.615384615384615
1919-12-31,9.615384615384615
1920-01-01,10.341261633919338
1920-01-02,10.341261633919338
1920-01-03,10.341261633919338
1920-01-04,10.341261633919338
1920-01-05,10.341261633919338
1920-01-06,10.341261633919338
1920-01-07,10.341261633919338
1920-01-08,10.341261633919338
1920-01-09,10.341261633919338
1920-01-10,10.341261633919338
1920-01-11,12.903225806451612
1920-01-12,12.903225806451612
1920-01-13,12.903225806451612
1920-01-14,12.903225806451612
1920-01-15,12.903225806451612
1920-01-16,12.903225806451612
1920-01-17,12.903225806451612
1920-01-18,12.903225806451612
1920-01-19,12.903225806451612
1920-01-20,12.903225806451612
1920-01-21,17.36111111111111
1920-01-22,17.36111111111111
1920-01-23,17.36111111111111
1920-01-24,17.36111111111111
1920-01-25,17.36111111111111
1920-01-26,17.36111111111111
1920-01-27,17.36111111111111
1920-01-28,17.36111111111111
1920-01-29,17.36111111111111
1920-01-30,17.36111111111111
1920-01-31,17.36111111111111
1920-02-01,20.408163265306122
1920-02-02,20.408163265306122
1920-02-03,20.408163265306122
1920-02-04,20.408163265306122
1920-02-05,20.408163265306122
1920-02-06,20.408163265306122
1920-02-07,20.408163265306122
1920-02-08,20.408163265306122
1920-02-09,20.408163265306122
1920-02-10,20.408163265306122
1920-02-11,19.762845849802375
1920-02-12,19.762845849802375
1920-02-13,19.762845849802375
1920-02-14,19.762845849802375
1920-02-15,19.762845849802375
1920-02-16,19.762845849802375
1920-02-17,19.762845849802375
1920-02-18,19.762845849802375
1920-02-19,19.762845849802375
1920-02-20,19.762845849802375
1920-02-21,20.576131687242796
1920-02-22,20.576131687242796
1920-02-23,20.576131687242796
1920-02-24,20.576131687242796
1920-02-25,20.576131687242796
1920-02-26,20.576131687242796
1920-02-27,20.576131687242796
1920-02-28,20.576131687242796
1920-02-29,20.576131687242796
1920-03-01,20.533880903490758
1920-03-02,20.533880903490758
1920-03-03,20.533880903490758
1920-03-04,20.533880903490758
1920-03-05,20.533880903490758
1920-03-06,20.533880903490758
1920-03-07,20.533880903490758
1920-03-08,20.533880903490758
1920-03-09,20.533880903490758
1920-03-10,20.533880903490758
1920-03-11,16.33986928104575
1920-03-12,16.33986928104575
1920-03-13,16.33986928104575
1920-03-14,16.33986928104575
1920-03-15,16.33986928104575
1920-03-16,16.33986928104575
1920-03-17,16.33986928104575
1920-03-18,16.33986928104575
1920-03-19,16.33986928104575
1920-03-20,16.33986928104575
1920-03-21,17.271157167530223
1920-03-22,17.271157167530223
1920-03-23,17.271157167530223
1920-03-24,17.271157167530223
1920-03-25,17.271157167530223
1920-03-26,17.271157167530223
1920-03-27,17.271157167530223
1920-03-28,17.271157167530223
1920-03-29,17.271157167530223
1920-03-30,17.271157167530223
1920-03-31,17.271157167530223
1920-04-01,14.285714285714286
1920-04-02,14.285714285714286
1920-04-03,14.285714285714286
1920-04-04,14.285714285714286
1920-04-05,14.285714285714286
1920-04-06,14.285714285714286
1920-04-07,14.285714285714286
1920-04-08,14.285714285714286
1920-04-09,14.285714285714286
1920-04-10,14.285714285714286
1920-04-11,14.30615164520744
1920-04-12,14.30615164520744
1920-04-13,14.30615164520744
1920-04-14,14.30615164520744
1920-04-15,14.30615164520744
1920-04-16,14.30615164520744
1920-04-17,14.30615164520744
1920-04-18,14.30615164520744
1920-04-19,14.30615164520744
1920-04-20,14.30615164520744
1920-04-21,14.084507042253522
1920-04-22,14.084507042253522
1920-04-23,14.084507042253522
1920-04-24,14.084507042253522
1920-04-25,14.084507042253522
1920-04-26,14.084507042253522
1920-04-27,14.084507042253522
1920-04-28,14.084507042253522
1920-04-29,14.084507042253522
1920-04-30,14.084507042253522
1920-05-01,12.72264631043257
1920-05-02,12.72264631043257
1920-05-03,12.72264631043257
1920-05-04,12.72264631043257
1920-05-05,12.72264631043257
1920-05-06,12.72264631043257
1920-05-07,12.72264631043257
1920-05-08,12.72264631043257
1920-05-09,12.72264631043257
1920-05-10,12.72264631043257
1920-05-11,11.37656427758817
1920-05-12,11.37656427758817
1920-05-13,11.37656427758817
1920-05-14,11.37656427758817
1920-05-15,11.37656427758817
1920-05-16,11.37656427758817
1920-05-17,11.37656427758817
1920-05-18,11.37656427758817
1920-05-19,11.37656427758817
1920-05-20,11.37656427758817
1920-05-21,9.082652134423252
1920-05-22,9.082652134423252
1920-05-23,9.082652134423252
1920-05-24,9.082652134423252
1920-05-25,9.082652134423252
1920-05-26,9.082652134423252
1920-05-27,9.082652134423252
1920-05-28,9.082652134423252
1920-05-29,9.082652134423252
1920-05-30,9.082652134423252
1920-05-31,9.082652134423252
1920-06-01,9.689922480620154
1920-06-02,9.689922480620154
1920-06-03,9.689922480620154
1920-06-04,9.689922480620154
1920-06-05,9.689922480620154
1920-06-06,9.689922480620154
1920-06-07,9.689922480620154
1920-06-08,9.689922480620154
1920-06-09,9.689922480620154
1920-06-10,9.689922480620154
1920-06-11,9.398496240601503
1920-06-12,9.398496240601503
1920-06-13,9.398496240601503
1920-06-14,9.398496240601503
1920-06-15,9.398496240601503
1920-06-16,9.398496240601503
1920-06-17,9.398496240601503
1920-06-18,9.398496240601503
1920-06-19,9.398496240601503
1920-06-20,9.398496240601503
1920-06-21,8.936550491510278
1920-06-22,8.936550491510278
1920-06-23,8.936550491510278
1920-06-24,8.936550491510278
1920-06-25,8.936550491510278
1920-06-26,8.936550491510278
1920-06-27,8.936550491510278
1920-06-28,8.936550491510278
1920-06-29,8.936550491510278
1920-06-30,8.936550491510278
1920-07-01,9.00900900900901
1920-07-02,9.00900900900901
1920-07-03,9.00900900900901
1920-07-04,9.00900900900901
1920-07-05,9.00900900900901
1920-07-06,9.00900900900901
1920-07-07,9.00900900900901
1920-07-08,9.00900900900901
1920-07-09,9.00900900900901
1920-07-10,9.00900900900901
1920-07-11,9.165902841429881
1920-07-12,9.165902841429881
1920-07-13,9.165902841429881
1920-07-14,9.165902841429881
1920-07-15,9.165902841429881
1920-07-16,9.165902841429881
1920-07-17,9.165902841429881
1920-07-18,9.165902841429881
1920-07-19,9.165902841429881
1920-07-20,9.165902841429881
1920-07-21,9.950248756218905
1920-07-22,9.950248756218905
1920-07-23,9.950248756218905
1920-07-24,9.950248756218905
1920-07-25,9.950248756218905
1920-07-26,9.950248756218905
1920-07-27,9.950248756218905
1920-07-28,9.950248756218905
1920-07-29,9.950248756218905
1920-07-30,9.950248756218905
1920-07-31,9.950248756218905
1920-08-01,10.834236186348862
1920-08-02,10.834236186348862
1920-08-03,10.834236186348862
1920-08-04,10.834236186348862
1920-08-05,10.834236186348862
1920-08-06,10.834236186348862
1920-08-07,10.834236186348862
1920-08-08,10.834236186348862
1920-08-09,10.834236186348862
1920-08-10,10.834236186348862
1920-08-11,11.325028312570781
1920-08-12,11.325028312570781
1920-08-13,11.325028312570781
1920-08-14,11.325028312570781
1920-08-15,11.325028312570781
1920-08-16,11.325028312570781
1920-08-17,11.325028312570781
1920-08-18,11.325028312570781
1920-08-19,11.325028312570781
1920-08-20,11.325028312570781
1920-08-21,11.904761904761905
1920-08-22,11.904761904761905
1920-08-23,11.904761904761905
1920-08-24,11.904761904761905
1920-08-25,11.904761904761905
1920-08-26,11.904761904761905
1920-08-27,11.904761904761905
1920-08-28,11.904761904761905
1920-08-29,11.904761904761905
1920-08-30,11.904761904761905
1920-08-31,11.904761904761905
1920-09-01,12.135922330097086
1920-09-02,12.135922330097086
1920-09-03,12.135922330097086
1920-09-04,12.135922330097086
1920-09-05,12.135922330097086
1920-09-06,12.135922330097086
1920-09-07,12.135922330097086
1920-09-08,12.135922330097086
1920-09-09,12.135922330097086
1920-09-10,12.135922330097086
1920-09-11,14.705882352941178
1920-09-12,14.705882352941178
1920-09-13,14.705882352941178
1920-09-14,14.705882352941178
1920-09-15,14.705882352941178
1920-09-16,14.705882352941178
1920-09-17,14.705882352941178
1920-09-18,14.705882352941178
1920-09-19,14.705882352941178
1920-09-20,14.705882352941178
1920-09-21,14.705882352941178
1920-09-22,14.705882352941178
1920-09-23,14.705882352941178
1920-09-24,14.705882352941178
1920-09-25,14.705882352941178
1920-09-26,14.705882352941178
1920-09-27,14.705882352941178
1920-09-28,14.705882352941178
1920-09-29,14.705882352941178
1920-09-30,14.705882352941178
1920-10-01,14.556040756914118
1920-10-02,14.556040756914118
1920-10-03,14.556040756914118
1920-10-04,14.556040756914118
1920-10-05,14.556040756914118
1920-10-06,14.556040756914118
1920-10-07,14.556040756914118
1920-10-08,14.556040756914118
1920-10-09,14.556040756914118
1920-10-10,14.556040756914118
1920-10-11,15.64945226917058
1920-10-12,15.64945226917058
1920-10-13,15.64945226917058
1920-10-14,15.64945226917058
1920-10-15,15.64945226917058
1920-10-16,15.64945226917058
1920-10-17,15.64945226917058
1920-10-18,15.64945226917058
1920-10-19,15.64945226917058
1920-10-20,15.64945226917058
1920-10-21,16.077170418006432
1920-10-22,16.077170418006432
1920-10-23,16.077170418006432
1920-10-24,16.077170418006432
1920-10-25,16.077170418006432
1920-10-26,16.077170418006432
1920-10-27,16.077170418006432
1920-10-28,16.077170418006432
1920-10-29,16.077170418006432
1920-10-30,16.077170418006432
1920-10-31,16.077170418006432
1920-11-01,17.953321364452425
1920-11-02,17.953321364452425
1920-11-03,17.953321364452425
1920-11-04,17.953321364452425
1920-11-05,17.953321364452425
1920-11-06,17.953321364452425
1920-11-07,17.953321364452425
1920-11-08,17.953321364452425
1920-11-09,17.953321364452425
1920-11-10,17.953321364452425
1920-11-11,17.152658662092623
1920-11-12,17.152658662092623
1920-11-13,17.152658662092623
1920-11-14,17.152658662092623
1920-11-15,17.152658662092623
1920-11-16,17.152658662092623
1920-11-17,17.152658662092623
1920-11-18,17.152658662092623
1920-11-19,17.152658662092623
1920-11-20,17.152658662092623
1920-11-21,15.037593984962406
1920-11-22,15.037593984962406
1920-11-23,15.037593984962406
1920-11-24,15.037593984962406
1920-11-25,15.037593984962406
1920-11-26,15.037593984962406
1920-11-27,15.037593984962406
1920-11-28,15.037593984962406
1920-11-29,15.037593984962406
1920-11-30,15.037593984962406
1920-12-01,15.673981191222571
1920-12-02,15.673981191222571
1920-12-03,15.673981191222571
1920-12-04,15.673981191222571
1920-12-05,15.673981191222571
1920-12-06,15.673981191222571
1920-12-07,15.673981191222571
1920-12-08,15.673981191222571
1920-12-09,15.673981191222571
1920-12-10,15.673981191222571
1920-12-11,15.94896331738437
1920-12-12,15.94896331738437
1920-12-13,15.94896331738437
1920-12-14,15.94896331738437
1920-12-15,15.94896331738437
1920-12-16,15.94896331738437
1920-12-17,15.94896331738437
1920-12-18,15.94896331738437
1920-12-19,15.94896331738437
1920-12-20,15.94896331738437
1920-12-21,16.129032258064516
1920-12-22,16.129032258064516
1920-12-23,16.129032258064516
1920-12-24,16.129032258064516
1920-12-25,16.129032258064516
1920-12-26,16.129032258064516
1920-12-27,16.129032258064516
1920-12-28,16.129032258064516
1920-12-29,16.129032258064516
1920-12-30,16.129032258064516
1920-12-31,16.129032258064516
1921-01-01,16.528925619834713
1921-01-02,16.528925619834713
1921-01-03,16.528925619834713
1921-01-04,16.528925619834713
1921-01-05,16.528925619834713
1921-01-06,16.528925619834713
1921-01-07,16.528925619834713
1921-01-08,16.528925619834713
1921-01-09,16.528925619834713
1921-01-10,16.528925619834713
1921-01-11,15.105740181268882
1921-01-12,15.105740181268882
1921-01-13,15.105740181268882
1921-01-14,15.105740181268882
1921-01-15,15.105740181268882
1921-01-16,15.105740181268882
1921-01-17,15.105740181268882
1921-01-18,15.105740181268882
1921-01-19,15.105740181268882
1921-01-20,15.105740181268882
1921-01-21,13.49527665317139
1921-01-22,13.49527665317139
1921-01-23,13.49527665317139
1921-01-24,13.49527665317139
1921-01-25,13.49527665317139
1921-01-26,13.49527665317139
1921-01-27,13.49527665317139
1921-01-28,13.49527665317139
1921-01-29,13.49527665317139
1921-01-30,13.49527665317139
1921-01-31,13.49527665317139
1921-02-01,14.492753623188404
1921-02-02,14.492753623188404
1921-02-03,14.492753623188404
1921-02-04,14.492753623188404
1921-02-05,14.492753623188404
1921-02-06,14.492753623188404
1921-02-07,14.492753623188404
1921-02-08,14.492753623188404
1921-02-09,14.492753623188404
1921-02-10,14.492753623188404
1921-02-11,13.774104683195592
1921-02-12,13.774104683195592
1921-02-13,13.774104683195592
1921-02-14,13.774104683195592
1921-02-15,13.774104683195592
1921-02-16,13.774104683195592
1921-02-17,13.774104683195592
1921-02-18,13.774104683195592
1921-02-19,13.774104683195592
1921-02-20,13.774104683195592
1921-02-21,14.265335235378032
1921-02-22,14.265335235378032
1921-02-23,14.265335235378032
1921-02-24,14.265335235378032
1921-02-25,14.265335235378032
1921-02-26,14.265335235378032
1921-02-27,14.265335235378032
1921-02-28,14.265335235378032
1921-03-01,14.265335235378032
1921-03-02,14.265335235378032
1921-03-03,14.265335235378032
1921-03-04,14.265335235378032
1921-03-05,14.265335235378032
1921-03-06,14.265335235378032
1921-03-07,14.265335235378032
1921-03-08,14.265335235378032
1921-03-09,14.265335235378032
1921-03-10,14.265335235378032
1921-03-11,14.104372355430185
1921-03-12,14.104372355430185
1921-03-13,14.104372355430185
1921-03-14,14.104372355430185
1921-03-15,14.104372355430185
1921-03-16,14.104372355430185
1921-03-17,14.104372355430185
1921-03-18,14.104372355430185
1921-03-19,14.104372355430185
1921-03-20,14.104372355430185
1921-03-21,14.044943820224718
1921-03-22,14.044943820224718
1921-03-23,14.044943820224718
1921-03-24,14.044943820224718
1921-03-25,14.044943820224718
1921-03-26,14.044943820224718
1921-03-27,14.044943820224718
1921-03-28,14.044943820224718
1921-03-29,14.044943820224718
1921-03-30,14.044943820224718
1921-03-31,14.044943820224718
1921-04-01,13.812154696132596
1921-04-02,13.812154696132596
1921-04-03,13.812154696132596
1921-04-04,13.812154696132596
1921-04-05,13.812154696132596
1921-04-06,13.812154696132596
1921-04-07,13.812154696132596
1921-04-08,13.812154696132596
1921-04-09,13.812154696132596
1921-04-10,13.812154696132596
1921-04-11,13.986013986013985
1921-04-12,13.986013986013985
1921-04-13,13.986013986013985
1921-04-14,13.986013986013985
1921-04-15,13.986013986013985
1921-04-16,13.986013986013985
1921-04-17,13.986013986013985
1921-04-18,13.986013986013985
1921-04-19,13.986013986013985
1921-04-20,13.986013986013985
1921-04-21,14.771048744460858
1921-04-22,14.771048744460858
1921-04-23,14.771048744460858
1921-04-24,14.771048744460858
1921-04-25,14.771048744460858
1921-04-26,14.771048744460858
1921-04-27,14.771048744460858
1921-04-28,14.771048744460858
1921-04-29,14.771048744460858
1921-04-30,14.771048744460858
1921-05-01,14.771048744460858
1921-05-02,14.771048744460858
1921-05-03,14.771048744460858
1921-05-04,14.771048744460858
1921-05-05,14.771048744460858
1921-05-06,14.771048744460858
1921-05-07,14.771048744460858
1921-05-08,14.771048744460858
1921-05-09,14.771048744460858
1921-05-10,14.771048744460858
1921-05-11,13.477088948787062
1921-05-12,13.477088948787062
1921-05-13,13.477088948787062
1921-05-14,13.477088948787062
1921-05-15,13.477088948787062
1921-05-16,13.477088948787062
1921-05-17,13.477088948787062
1921-05-18,13.477088948787062
1921-05-19,13.477088948787062
1921-05-20,13.477088948787062
1921-05-21,13.66120218579235
1921-05-22,13.66120218579235
1921-05-23,13.66120218579235
1921-05-24,13.66120218579235
1921-05-25,13.66120218579235
1921-05-26,13.66120218579235
1921-05-27,13.66120218579235
1921-05-28,13.66120218579235
1921-05-29,13.66120218579235
1921-05-30,13.66120218579235
1921-05-31,13.66120218579235
1921-06-01,14.534883720930234
1921-06-02,14.534883720930234
1921-06-03,14.534883720930234
1921-06-04,14.534883720930234
1921-06-05,14.534883720930234
1921-06-06,14.534883720930234
1921-06-07,14.534883720930234
1921-06-08,14.534883720930234
1921-06-09,14.534883720930234
1921-06-10,14.534883720930234
1921-06-11,15.1285930408472
1921-06-12,15.1285930408472
1921-06-13,15.1285930408472
1921-06-14,15.1285930408472
1921-06-15,15.1285930408472
1921-06-16,15.1285930408472
1921-06-17,15.1285930408472
1921-06-18,15.1285930408472
1921-06-19,15.1285930408472
1921-06-20,15.1285930408472
1921-06-21,15.64945226917058
1921-06-22,15.64945226917058
1921-06-23,15.64945226917058
1921-06-24,15.64945226917058
1921-06-25,15.64945226917058
1921-06-26,15.64945226917058
1921-06-27,15.64945226917058
1921-06-28,15.64945226917058
1921-06-29,15.64945226917058
1921-06-30,15.64945226917058
1921-07-01,15.772870662460567
1921-07-02,15.772870662460567
1921-07-03,15.772870662460567
1921-07-04,15.772870662460567
1921-07-05,15.772870662460567
1921-07-06,15.772870662460567
1921-07-07,15.772870662460567
1921-07-08,15.772870662460567
1921-07-09,15.772870662460567
1921-07-10,15.772870662460567
1921-07-11,16.0
1921-07-12,16.0
1921-07-13,16.0
1921-07-14,16.0
1921-07-15,16.0
1921-07-16,16.0
1921-07-17,16.0
1921-07-18,16.0
1921-07-19,16.0
1921-07-20,16.0
1921-07-21,17.006802721088437
1921-07-22,17.006802721088437
1921-07-23,17.006802721088437
1921-07-24,17.006802721088437
1921-07-25,17.006802721088437
1921-07-26,17.006802721088437
1921-07-27,17.006802721088437
1921-07-28,17.006802721088437
1921-07-29,17.006802721088437
1921-07-30,17.006802721088437
1921-07-31,17.006802721088437
1921-08-01,18.796992481203006
1921-08-02,18.796992481203006
1921-08-03,18.796992481203006
1921-08-04,18.796992481203006
1921-08-05,18.796992481203006
1921-08-06,18.796992481203006
1921-08-07,18.796992481203006
1921-08-08,18.796992481203006
1921-08-09,18.796992481203006
1921-08-10,18.796992481203006
1921-08-11,20.161290322580644
1921-08-12,20.161290322580644
1921-08-13,20.161290322580644
1921-08-14,20.161290322580644
1921-08-15,20.161290322580644
1921-08-16,20.161290322580644
1921-08-17,20.161290322580644
1921-08-18,20.161290322580644
1921-08-19,20.161290322580644
1921-08-20,20.161290322580644
1921-08-21,19.960079840319363
1921-08-22,19.960079840319363
1921-08-23,19.960079840319363
1921-08-24,19.960079840319363
1921-08-25,19.960079840319363
1921-08-26,19.960079840319363
1921-08-27,19.960079840319363
1921-08-28,19.960079840319363
1921-08-29,19.960079840319363
1921-08-30,19.960079840319363
1921-08-31,19.960079840319363
1921-09-01,20.746887966804977
1921-09-02,20.746887966804977
1921-09-03,20.746887966804977
1921-09-04,20.746887966804977
1921-09-05,20.746887966804977
1921-09-06,20.746887966804977
1921-09-07,20.746887966804977
1921-09-08,20.746887966804977
1921-09-09,20.746887966804977
1921-09-10,20.746887966804977
1921-09-11,23.20185614849188
1921-09-12,23.20185614849188
1921-09-13,23.20185614849188
1921-09-14,23.20185614849188
1921-09-15,23.20185614849188
1921-09-16,23.20185614849188
1921-09-17,23.20185614849188
1921-09-18,23.20185614849188
1921-09-19,23.20185614849188
1921-09-20,23.20185614849188
1921-09-21,24.570024570024568
1921-09-22,24.570024570024568
1921-09-23,24.570024570024568
1921-09-24,24.570024570024568
1921-09-25,24.570024570024568
1921-09-26,24.570024570024568
1921-09-27,24.570024570024568
1921-09-28,24.570024570024568
1921-09-29,24.570024570024568
1921-09-30,24.570024570024568
1921-10-01,25.77319587628866
1921-10-02,25.77319587628866
1921-10-03,25.77319587628866
1921-10-04,25.77319587628866
1921-10-05,25.77319587628866
1921-10-06,25.77319587628866
1921-10-07,25.77319587628866
1921-10-08,25.77319587628866
1921-10-09,25.77319587628866
1921-10-10,25.77319587628866
1921-10-11,30.959752321981423
1921-10-12,30.959752321981423
1921-10-13,30.959752321981423
1921-10-14,30.959752321981423
1921-10-15,30.959752321981423
1921-10-16,30.959752321981423
1921-10-17,30.959752321981423
1921-10-18,30.959752321981423
1921-10-19,30.959752321981423
1921-10-20,30.959752321981423
1921-10-21,33.557046979865774
1921-10-22,33.557046979865774
1921-10-23,33.557046979865774
1921-10-24,33.557046979865774
1921-10-25,33.557046979865774
1921-10-26,33.557046979865774
1921-10-27,33.557046979865774
1921-10-28,33.557046979865774
1921-10-29,33.557046979865774
1921-10-30,33.557046979865774
1921-10-31,33.557046979865774
1921-11-01,44.64285714285714
1921-11-02,44.64285714285714
1921-11-03,44.64285714285714
1921-11-04,44.64285714285714
1921-11-05,44.64285714285714
1921-11-06,44.64285714285714
1921-11-07,44.64285714285714
1921-11-08,44.64285714285714
1921-11-09,44.64285714285714
1921-11-10,44.64285714285714
1921-11-11,48.543689320388346
1921-11-12,48.543689320388346
1921-11-13,48.543689320388346
1921-11-14,48.543689320388346
1921-11-15,48.543689320388346
1921-11-16,48.543689320388346
1921-11-17,48.543689320388346
1921-11-18,48.543689320388346
1921-11-19,48.543689320388346
1921-11-20,48.543689320388346
1921-11-21,52.083333333333336
1921-11-22,52.083333333333336
1921-11-23,52.083333333333336
1921-11-24,52.083333333333336
1921-11-25,52.083333333333336
1921-11-26,52.083333333333336
1921-11-27,52.083333333333336
1921-11-28,52.083333333333336
1921-11-29,52.083333333333336
1921-11-30,52.083333333333336
1921-12-01,42.19409282700422
1921-12-02,42.19409282700422
1921-12-03,42.19409282700422
1921-12-04,42.19409282700422
1921-12-05,42.19409282700422
1921-12-06,42.19409282700422
1921-12-07,42.19409282700422
1921-12-08,42.19409282700422
1921-12-09,42.19409282700422
1921-12-10,42.19409282700422
1921-12-11,39.0625
1921-12-12,39.0625
1921-12-13,39.0625
1921-12-14,39.0625
1921-12-15,39.0625
1921-12-16,39.0625
1921-12-17,39.0625
1921-12-18,39.0625
1921-12-19,39.0625
1921-12-20,39.0625
1921-12-21,39.21568627450981
1921-12-22,39.21568627450981
1921-12-23,39.21568627450981
1921-12-24,39.21568627450981
1921-12-25,39.21568627450981
1921-12-26,39.21568627450981
1921-12-27,39.21568627450981
1921-12-28,39.21568627450981
1921-12-29,39.21568627450981
1921-12-30,39.21568627450981
1921-12-31,39.21568627450981
1922-01-01,39.682539682539684
1922-01-02,39.682539682539684
1922-01-03,39.682539682539684
1922-01-04,39.682539682539684
1922-01-05,39.682539682539684
1922-01-06,39.682539682539684
1922-01-07,39.682539682539684
1922-01-08,39.682539682539684
1922-01-09,39.682539682539684
1922-01-10,39.682539682539684
1922-01-11,40.0
1922-01-12,40.0
1922-01-13,40.0
1922-01-14,40.0
1922-01-15,40.0
1922-01-16,40.0
1922-01-17,40.0
1922-01-18,40.0
1922-01-19,40.0
1922-01-20,40.0
1922-01-21,43.85964912280702
1922-01-22,43.85964912280702
1922-01-23,43.85964912280702
1922-01-24,43.85964912280702
1922-01-25,43.85964912280702
1922-01-26,43.85964912280702
1922-01-27,43.85964912280702
1922-01-28,43.85964912280702
1922-01-29,43.85964912280702
1922-01-30,43.85964912280702
1922-01-31,43.85964912280702
1922-02-01,43.47826086956522
1922-02-02,43.47826086956522
1922-02-03,43.47826086956522
1922-02-04,43.47826086956522
1922-02-05,43.47826086956522
1922-02-06,43.47826086956522
1922-02-07,43.47826086956522
1922-02-08,43.47826086956522
1922-02-09,43.47826086956522
1922-02-10,43.47826086956522
1922-02-11,44.64285714285714
1922-02-12,44.64285714285714
1922-02-13,44.64285714285714
1922-02-14,44.64285714285714
1922-02-15,44.64285714285714
1922-02-16,44.64285714285714
1922-02-17,44.64285714285714
1922-02-18,44.64285714285714
1922-02-19,44.64285714285714
1922-02-20,44.64285714285714
1922-02-21,48.07692307692307
1922-02-22,48.07692307692307
1922-02-23,48.07692307692307
1922-02-24,48.07692307692307
1922-02-25,48.07692307692307
1922-02-26,48.07692307692307
1922-02-27,48.07692307692307
1922-02-28,48.07692307692307
1922-03-01,53.76344086021505
1922-03-02,53.76344086021505
1922-03-03,53.76344086021505
1922-03-04,53.76344086021505
1922-03-05,53.76344086021505
1922-03-06,53.76344086021505
1922-03-07,53.76344086021505
1922-03-08,53.76344086021505
1922-03-09,53.76344086021505
1922-03-10,53.76344086021505
1922-03-11,58.82352941176471
1922-03-12,58.82352941176471
1922-03-13,58.82352941176471
1922-03-14,58.82352941176471
1922-03-15,58.82352941176471
1922-03-16,58.82352941176471
1922-03-17,58.82352941176471
1922-03-18,58.82352941176471
1922-03-19,58.82352941176471
1922-03-20,58.82352941176471
1922-03-21,69.93006993006993
1922-03-22,69.93006993006993
1922-03-23,69.93006993006993
1922-03-24,69.93006993006993
1922-03-25,69.93006993006993
1922-03-26,69.93006993006993
1922-03-27,69.93006993006993
1922-03-28,69.93006993006993
1922-03-29,69.93006993006993
1922-03-30,69.93006993006993
1922-03-31,69.93006993006993
1922-04-01,69.93006993006993
1922-04-02,69.93006993006993
1922-04-03,69.93006993006993
1922-04-04,69.93006993006993
1922-04-05,69.93006993006993
1922-04-06,69.93006993006993
1922-04-07,69.93006993006993
1922-04-08,69.93006993006993
1922-04-09,69.93006993006993
1922-04-10,69.93006993006993
1922-04-11,66.66666666666667
1922-04-12,66.66666666666667
1922-04-13,66.66666666666667
1922-04-14,66.66666666666667
1922-04-15,66.66666666666667
1922-04-16,66.66666666666667
1922-04-17,66.66666666666667
1922-04-18,66.66666666666667
1922-04-19,66.66666666666667
1922-04-20,66.66666666666667
1922-04-21,62.893081761006286
1922-04-22,62.893081761006286
1922-04-23,62.893081761006286
1922-04-24,62.893081761006286
1922-04-25,62.893081761006286
1922-04-26,62.893081761006286
1922-04-27,62.893081761006286
1922-04-28,62.893081761006286
1922-04-29,62.893081761006286
1922-04-30,62.893081761006286
1922-05-01,66.66666666666667
1922-05-02,66.66666666666667
1922-05-03,66.66666666666667
1922-05-04,66.66666666666667
1922-05-05,66.66666666666667
1922-05-06,66.66666666666667
1922-05-07,66.66666666666667
1922-05-08,66.66666666666667
1922-05-09,66.66666666666667
1922-05-10,66.66666666666667
1922-05-11,67.11409395973155
1922-05-12,67.11409395973155
1922-05-13,67.11409395973155
1922-05-14,67.11409395973155
1922-05-15,67.11409395973155
1922-05-16,67.11409395973155
1922-05-17,67.11409395973155
1922-05-18,67.11409395973155
1922-05-19,67.11409395973155
1922-05-20,67.11409395973155
1922-05-21,66.2251655629139
1922-05-22,66.2251655629139
1922-05-23,66.2251655629139
1922-05-24,66.2251655629139
1922-05-25,66.2251655629139
1922-05-26,66.2251655629139
1922-05-27,66.2251655629139
1922-05-28,66.2251655629139
1922-05-29,66.2251655629139
1922-05-30,66.2251655629139
1922-05-31,66.2251655629139
1922-06-01,65.78947368421052
1922-06-02,65.78947368421052
1922-06-03,65.78947368421052
1922-06-04,65.78947368421052
1922-06-05,65.78947368421052
1922-06-06,65.78947368421052
1922-06-07,65.78947368421052
1922-06-08,65.78947368421052
1922-06-09,65.78947368421052
1922-06-10,65.78947368421052
1922-06-11,72.992700729927
1922-06-12,72.992700729927
1922-06-13,72.992700729927
1922-06-14,72.992700729927
1922-06-15,72.992700729927
1922-06-16,72.992700729927
1922-06-17,72.992700729927
1922-06-18,72.992700729927
1922-06-19,72.992700729927
1922-06-20,72.992700729927
1922-06-21,79.36507936507937
1922-06-22,79.36507936507937
1922-06-23,79.36507936507937
1922-06-24,79.36507936507937
1922-06-25,79.36507936507937
1922-06-26,79.36507936507937
1922-06-27,79.36507936507937
1922-06-28,79.36507936507937
1922-06-29,79.36507936507937
1922-06-30,79.36507936507937
1922-07-01,105.26315789473684
1922-07-02,105.26315789473684
1922-07-03,105.26315789473684
1922-07-04,105.26315789473684
1922-07-05,105.26315789473684
1922-07-06,105.26315789473684
1922-07-07,105.26315789473684
1922-07-08,105.26315789473684
1922-07-09,105.26315789473684
1922-07-10,105.26315789473684
1922-07-11,103.09278350515464
1922-07-12,103.09278350515464
1922-07-13,103.09278350515464
1922-07-14,103.09278350515464
1922-07-15,103.09278350515464
1922-07-16,103.09278350515464
1922-07-17,103.09278350515464
1922-07-18,103.09278350515464
1922-07-19,103.09278350515464
1922-07-20,103.09278350515464
1922-07-21,118.20330969267138
1922-07-22,118.20330969267138
1922-07-23,118.20330969267138
1922-07-24,118.20330969267138
1922-07-25,118.20330969267138
1922-07-26,118.20330969267138
1922-07-27,118.20330969267138
1922-07-28,118.20330969267138
1922-07-29,118.20330969267138
1922-07-30,118.20330969267138
1922-07-31,118.20330969267138
1922-08-01,165.01650165016503
1922-08-02,165.01650165016503
1922-08-03,165.01650165016503
1922-08-04,165.01650165016503
1922-08-05,165.01650165016503
1922-08-06,165.01650165016503
1922-08-07,165.01650165016503
1922-08-08,165.01650165016503
1922-08-09,165.01650165016503
1922-08-10,165.01650165016503
1922-08-11,204.91803278688525
1922-08-12,204.91803278688525
1922-08-13,204.91803278688525
1922-08-14,204.91803278688525
1922-08-15,204.91803278688525
1922-08-16,204.91803278688525
1922-08-17,204.91803278688525
1922-08-18,204.91803278688525
1922-08-19,204.91803278688525
1922-08-20,204.91803278688525
1922-08-21,316.4556962025316
1922-08-22,316.4556962025316
1922-08-23,316.4556962025316
1922-08-24,316.4556962025316
1922-08-25,316.4556962025316
1922-08-26,316.4556962025316
1922-08-27,316.4556962025316
1922-08-28,316.4556962025316
1922-08-29,316.4556962025316
1922-08-30,316.4556962025316
1922-08-31,316.4556962025316
1922-09-01,300.3003003003003
1922-09-02,300.3003003003003
1922-09-03,300.3003003003003
1922-09-04,300.3003003003003
1922-09-05,300.3003003003003
1922-09-06,300.3003003003003
1922-09-07,300.3003003003003
1922-09-08,300.3003003003003
1922-09-09,300.3003003003003
1922-09-10,300.3003003003003
1922-09-11,323.62459546925567
1922-09-12,323.62459546925567
1922-09-13,323.62459546925567
1922-09-14,323.62459546925567
1922-09-15,323.62459546925567
1922-09-16,323.62459546925567
1922-09-17,323.62459546925567
1922-09-18,323.62459546925567
1922-09-19,323.62459546925567
1922-09-20,323.62459546925567
1922-09-21,327.8688524590164
1922-09-22,327.8688524590164
1922-09-23,327.8688524590164
1922-09-24,327.8688524590164
1922-09-25,327.8688524590164
1922-09-26,327.8688524590164
1922-09-27,327.8688524590164
1922-09-28,327.8688524590164
1922-09-29,327.8688524590164
1922-09-30,327.8688524590164
1922-10-01,469.4835680751174
1922-10-02,469.4835680751174
1922-10-03,469.4835680751174
1922-10-04,469.4835680751174
1922-10-05,469.4835680751174
1922-10-06,469.4835680751174
1922-10-07,469.4835680751174
1922-10-08,469.4835680751174
1922-10-09,469.4835680751174
1922-10-10,469.4835680751174
1922-10-11,606.0606060606061
1922-10-12,606.0606060606061
1922-10-13,606.0606060606061
1922-10-14,606.0606060606061
1922-10-15,606.0606060606061
1922-10-16,606.0606060606061
1922-10-17,606.0606060606061
1922-10-18,606.0606060606061
1922-10-19,606.0606060606061
1922-10-20,606.0606060606061
1922-10-21,900.9009009009009
1922-10-22,900.9009009009009
1922-10-23,900.9009009009009
1922-10-24,900.9009009009009
1922-10-25,900.9009009009009
1922-10-26,900.9009009009009
1922-10-27,900.9009009009009
1922-10-28,900.9009009009009
1922-10-29,900.9009009009009
1922-10-30,900.9009009009009
1922-10-31,900.9009009009009
1922-11-01,1315.7894736842106
1922-11-02,1315.7894736842106
1922-11-03,1315.7894736842106
1922-11-04,1315.7894736842106
1922-11-05,1315.7894736842106
1922-11-06,1315.7894736842106
1922-11-07,1315.7894736842106
1922-11-08,1315.7894736842106
1922-11-09,1315.7894736842106
1922-11-10,1315.7894736842106
1922-11-11,1472.7540500736377
1922-11-12,1472.7540500736377
1922-11-13,1472.7540500736377
1922-11-14,1472.7540500736377
1922-11-15,1472.7540500736377
1922-11-16,1472.7540500736377
1922-11-17,1472.7540500736377
1922-11-18,1472.7540500736377
1922-11-19,1472.7540500736377
1922-11-20,1472.7540500736377
1922-11-21,1510.5740181268882
1922-11-22,1510.5740181268882
1922-11-23,1510.5740181268882
1922-11-24,1510.5740181268882
1922-11-25,1510.5740181268882
1922-11-26,1510.5740181268882
1922-11-27,1510.5740181268882
1922-11-28,1510.5740181268882
1922-11-29,1510.5740181268882
1922-11-30,1510.5740181268882
1922-12-01,1724.1379310344828
1922-12-02,1724.1379310344828
1922-12-03,1724.1379310344828
1922-12-04,1724.1379310344828
1922-12-05,1724.1379310344828
1922-12-06,1724.1379310344828
1922-12-07,1724.1379310344828
1922-12-08,1724.1379310344828
1922-12-09,1724.1379310344828
1922-12-10,1724.1379310344828
1922-12-11,1618.1229773462785
1922-12-12,1618.1229773462785
1922-12-13,1618.1229773462785
1922-12-14,1618.1229773462785
1922-12-15,1618.1229773462785
1922-12-16,1618.1229773462785
1922-12-17,1618.1229773462785
1922-12-18,1618.1229773462785
1922-12-19,1618.1229773462785
1922-12-20,1618.1229773462785
1922-12-21,1577.2870662460568
1922-12-22,1577.2870662460568
1922-12-23,1577.2870662460568
1922-12-24,1577.2870662460568
1922-12-25,1577.2870662460568
1922-12-26,1577.2870662460568
1922-12-27,1577.2870662460568
1922-12-28,1577.2870662460568
1922-12-29,1577.2870662460568
1922-12-30,1577.2870662460568
1922-12-31,1577.2870662460568
1923-01-01,2024.2914979757084
1923-01-02,2024.2914979757084
1923-01-03,2024.2914979757084
1923-01-04,2024.2914979757084
1923-01-05,2024.2914979757084
1923-01-06,2024.2914979757084
1923-01-07,2024.2914979757084
1923-01-08,2024.2914979757084
1923-01-09,2024.2914979757084
1923-01-10,2024.2914979757084
1923-01-11,3105.590062111801
1923-01-12,3105.590062111801
1923-01-13,3105.590062111801
1923-01-14,3105.590062111801
1923-01-15,3105.590062111801
1923-01-16,3105.590062111801
1923-01-17,3105.590062111801
1923-01-18,3105.590062111801
1923-01-19,3105.590062111801
1923-01-20,3105.590062111801
1923-01-21,5347.5935828877
1923-01-22,5347.5935828877
1923-01-23,5347.5935828877
1923-01-24,5347.5935828877
1923-01-25,5347.5935828877
1923-01-26,5347.5935828877
1923-01-27,5347.5935828877
1923-01-28,5347.5935828877
1923-01-29,5347.5935828877
1923-01-30,5347.5935828877
1923-01-31,5347.5935828877
1923-02-01,7407.407407407407
1923-02-02,7407.407407407407
1923-02-03,7407.407407407407
1923-02-04,7407.407407407407
1923-02-05,7407.407407407407
1923-02-06,7407.407407407407
1923-02-07,7407.407407407407
1923-02-08,7407.407407407407
1923-02-09,7407.407407407407
1923-02-10,7407.407407407407
1923-02-11,5347.5935828877
1923-02-12,5347.5935828877
1923-02-13,5347.5935828877
1923-02-14,5347.5935828877
1923-02-15,5347.5935828877
1923-02-16,5347.5935828877
1923-02-17,5347.5935828877
1923-02-18,5347.5935828877
1923-02-19,5347.5935828877
1923-02-20,5347.5935828877
1923-02-21,5376.344086021505
1923-02-22,5376.344086021505
1923-02-23,5376.344086021505
1923-02-24,5376.344086021505
1923-02-25,5376.344086021505
1923-02-26,5376.344086021505
1923-02-27,5376.344086021505
1923-02-28,5376.344086021505
1923-03-01,5128.205128205128
1923-03-02,5128.205128205128
1923-03-03,5128.205128205128
1923-03-04,5128.205128205128
1923-03-05,5128.205128205128
1923-03-06,5128.205128205128
1923-03-07,5128.205128205128
1923-03-08,5128.205128205128
1923-03-09,5128.205128205128
1923-03-10,5128.205128205128
1923-03-11,4854.368932038835
1923-03-12,4854.368932038835
1923-03-13,4854.368932038835
1923-03-14,4854.368932038835
1923-03-15,4854.368932038835
1923-03-16,4854.368932038835
1923-03-17,4854.368932038835
1923-03-18,4854.368932038835
1923-03-19,4854.368932038835
1923-03-20,4854.368932038835
1923-03-21,4901.9607843137255
1923-03-22,4901.9607843137255
1923-03-23,4901.9607843137255
1923-03-24,4901.9607843137255
1923-03-25,4901.9607843137255
1923-03-26,4901.9607843137255
1923-03-27,4901.9607843137255
1923-03-28,4901.9607843137255
1923-03-29,4901.9607843137255
1923-03-30,4901.9607843137255
1923-03-31,4901.9607843137255
1923-04-01,4950.495049504951
1923-04-02,4950.495049504951
1923-04-03,4950.495049504951
1923-04-04,4950.495049504951
1923-04-05,4950.495049504951
1923-04-06,4950.495049504951
1923-04-07,4950.495049504951
1923-04-08,4950.495049504951
1923-04-09,4950.495049504951
1923-04-10,4950.495049504951
1923-04-11,5208.333333333334
1923-04-12,5208.333333333334
1923-04-13,5208.333333333334
1923-04-14,5208.333333333334
1923-04-15,5208.333333333334
1923-04-16,5208.333333333334
1923-04-17,5208.333333333334
1923-04-18,5208.333333333334
1923-04-19,5208.333333333334
1923-04-20,5208.333333333334
1923-04-21,6369.426751592357
1923-04-22,6369.426751592357
1923-04-23,6369.426751592357
1923-04-24,6369.426751592357
1923-04-25,6369.426751592357
1923-04-26,6369.426751592357
1923-04-27,6369.426751592357
1923-04-28,6369.426751592357
1923-04-29,6369.426751592357
1923-04-30,6369.426751592357
1923-05-01,7751.937984496124
1923-05-02,7751.937984496124
1923-05-03,7751.937984496124
1923-05-04,7751.937984496124
1923-05-05,7751.937984496124
1923-05-06,7751.937984496124
1923-05-07,7751.937984496124
1923-05-08,7751.937984496124
1923-05-09,7751.937984496124
1923-05-10,7751.937984496124
1923-05-11,9174.311926605504
1923-05-12,9174.311926605504
1923-05-13,9174.311926605504
1923-05-14,9174.311926605504
1923-05-15,9174.311926605504
1923-05-16,9174.311926605504
1923-05-17,9174.311926605504
1923-05-18,9174.311926605504
1923-05-19,9174.311926605504
1923-05-20,9174.311926605504
1923-05-21,11904.761904761905
1923-05-22,11904.761904761905
1923-05-23,11904.761904761905
1923-05-24,11904.761904761905
1923-05-25,11904.761904761905
1923-05-26,11904.761904761905
1923-05-27,11904.761904761905
1923-05-28,11904.761904761905
1923-05-29,11904.761904761905
1923-05-30,11904.761904761905
1923-05-31,11904.761904761905
1923-06-01,15455.950540958269
1923-06-02,14662.756598240469
1923-06-03,14652.022515811303
1923-06-04,14641.288433382137
1923-06-05,14903.129657228017
1923-06-06,15873.015873015873
1923-06-07,16207.45542949757
1923-06-08,16181.229773462785
1923-06-09,16420.361247947454
1923-06-10,16845.75920773884
1923-06-11,17271.157167530226
1923-06-12,18903.59168241966
1923-06-13,20242.914979757083
1923-06-14,21141.64904862579
1923-06-15,23474.17840375587
1923-06-16,25906.73575129534
1923-06-17,26614.57006144002
1923-06-18,27322.4043715847
1923-06-19,26315.78947368421
1923-06-20,26385.224274406333
1923-06-21,26178.01047120419
1923-06-22,25706.94087403599
1923-06-23,25380.71065989848
1923-06-24,26656.835776876615
1923-06-25,27932.960893854746
1923-06-26,30674.846625766873
1923-06-27,33003.300330033
1923-06-28,33333.333333333336
1923-06-29,34246.57534246575
1923-06-30,34843.20557491289
1923-07-01,35736.62110247476
1923-07-02,36630.03663003663
1923-07-03,37313.432835820895
1923-07-04,39370.07874015748
1923-07-05,41152.26337448559
1923-07-06,42194.09282700422
1923-07-07,43103.44827586207
1923-07-08,43481.54869933455
1923-07-09,43859.64912280702
1923-07-10,44444.444444444445
1923-07-11,44444.444444444445
1923-07-12,45248.86877828054
1923-07-13,47619.04761904762
1923-07-14,48496.450506500754
1923-07-15,49373.8533939539
1923-07-16,50251.25628140703
1923-07-17,57142.857142857145
1923-07-18,61466.16541353383
1923-07-19,65789.47368421052
1923-07-20,75187.96992481203
1923-07-21,84035.11321538842
1923-07-22,92882.2565059648
1923-07-23,101729.3997965412
1923-07-24,119189.51132300356
1923-07-25,142789.43120226718
1923-07-26,166389.3510815308
1923-07-27,193798.44961240308
1923-07-28,203438.01614843204
1923-07-29,213077.582684461
1923-07-30,222717.14922048996
1923-07-31,228832.95194508007
1923-08-01,251256.2814070352
1923-08-02,315742.2091445823
1923-08-03,380228.1368821293
1923-08-04,451898.1230007846
1923-08-05,523568.10911943996
1923-08-06,595238.0952380953
1923-08-07,757575.7575757576
1923-08-08,847457.6271186441
1923-08-09,833333.3333333334
1923-08-10,751879.6992481203
1923-08-11,735994.916869639
1923-08-12,720110.1344911575
1923-08-13,704225.3521126761
1923-08-14,666666.6666666666
1923-08-15,680272.1088435374
1923-08-16,800000.0
1923-08-17,1019367.9918450561
1923-08-18,1074523.3689709536
1923-08-19,1129678.7460968513
1923-08-20,1184834.123222749
1923-08-21,1253132.8320802005
1923-08-22,1175088.1316098708
1923-08-23,1182033.0969267138
1923-08-24,1265822.7848101265
1923-08-25,1329790.5057140396
1923-08-26,1393758.2266179528
1923-08-27,1457725.9475218658
1923-08-28,1834862.385321101
1923-08-29,2057613.1687242796
1923-08-30,2141327.6231263382
1923-08-31,2207505.518763797
1923-09-01,2392480.6589180375
1923-09-02,2577455.7990722787
1923-09-03,2762430.9392265193
1923-09-04,4132231.404958678
1923-09-05,6622516.556291391
1923-09-06,8547008.547008548
1923-09-07,10604453.870625664
1923-09-08,11502260.02722562
1923-09-09,12400066.183825577
1923-09-10,13297872.340425532
1923-09-11,15898251.192368839
1923-09-12,18115942.028985508
1923-09-13,21276595.74468085
1923-09-14,26041666.666666668
1923-09-15,28584455.667789
1923-09-16,31127244.668911338
1923-09-17,33670033.67003367
1923-09-18,38610038.610038616
1923-09-19,36630036.63003663
1923-09-20,34843205.57491289
1923-09-21,30030030.03003003
1923-09-22,30436686.686686687
1923-09-23,30843343.343343344
1923-09-24,31250000.0
1923-09-25,30959752.321981423
1923-09-26,34013605.44217687
1923-09-27,43290043.29004329
1923-09-28,56179775.28089888
1923-09-29,62144541.54529061
1923-09-30,68109307.80968234
1923-10-01,74074074.07407407
1923-10-02,93457943.92523363
1923-10-03,108577633.00760043
1923-10-04,129701686.12191959
1923-10-05,163934426.22950822
1923-10-06,207908946.87489897
1923-10-07,251883467.52028972
1923-10-08,295857988.16568047
1923-10-09,518134715.02590674
1923-10-10,709219858.1560284
1923-10-11,787401574.8031496
1923-10-12,763358778.6259542
1923-10-13,806524900.0363504
1923-10-14,849691021.4467466
1923-10-15,892857142.8571428
1923-10-16,1240694789.0818858
1923-10-17,1838235294.117647
1923-10-18,4424778761.061947
1923-10-19,8130081300.813008
1923-10-20,9495033825.64388
1923-10-21,10859986350.474752
1923-10-22,12224938875.305624
1923-10-23,15037593984.962406
1923-10-24,15037593984.962406
1923-10-25,15037593984.962406
1923-10-26,14880952380.952381
1923-10-27,14727540500.736378
1923-10-28,14939527826.125765
1923-10-29,15151515151.515152
1923-10-30,19801980198.019802
1923-10-31,38910505836.575874
1923-11-01,65359477124.18301
1923-11-02,87719298245.61404
1923-11-03,96153846153.84615
1923-11-04,104574098218.16602
1923-11-05,112994350282.48589
1923-11-06,130039011703.51105
1923-11-07,143472022955.52368
1923-11-08,140449438202.2472
1923-11-09,137362637362.63736
1923-11-10,149253731343.28357
1923-11-11,169503526013.19775
1923-11-12,189753320683.11197
1923-11-13,313479623824.4514
1923-11-14,456621004566.2101
1923-11-15,581395348837.2094
1923-11-16,598802395209.5808
1923-11-17,735294117647.0587
1923-11-18,802429667519.1816
1923-11-19,869565217391.3044
1923-11-20,1000000000000.0
1923-11-21,1000000000000.0
1923-11-22,1000000000000.0
1923-11-23,1000000000000.0
1923-11-24,1000000000000.0
1923-11-25,1000000000000.0
1923-11-26,1000000000000.0
1923-11-27,1000000000000.0
1923-11-28,1000000000000.0
1923-11-29,1000000000000.0
1923-11-30,1000000000000.0
